id;full_name;document_number;business;position;image_name;document_type_id
1;Human value-added;Malaysia;parsing RSS;deposit Bedfordshire;matrix Forge;1
2;project orchid payment;deposit Netherlands facilitate;Greens Home Loan Account;Cliff;Buckinghamshire Massachusetts hacking;2
3;bypassing Italy;CFP Franc lime empower;olive parsing Research;green multi-byte Clothing;Clothing technologies;3
4;e-markets parsing;Greenland port;paradigms copy;pixel Refined Colorado;Concrete Port;4
5;Stravenue Business-focused context-sensitive;Handcrafted;synergies;Licensed Legacy Persevering;primary Seychelles Rupee indigo;5
6;GB holistic data-warehouse;end-to-end Delaware;District;solid state;Usability frictionless Checking Account;6
7;backing up;client-driven compressing Afghani;Savings Account;driver Coordinator;Brand;7
8;niches Branding Web;Outdoors Fresh Ukraine;e-commerce Implemented;rich Applications;card;8
9;Forward;transitional hard drive;IB Drive;Towels;program;9
10;feed Adaptive Michigan;dynamic exuding Sleek Cotton Soap;Rustic Rubber Hat;input Comoros XSS;Bedfordshire Idaho;10
